;X;Beam;src_fil;int_build;beam_pair;l2b_quality_flag1;PAI;cover;FHD;pai_z1;pai_z2;pai_z3;pai_z4;pai_z5;pai_z6;pai_z7;pai_z8;pavd_z1;pavd_z2;pavd_z3;pavd_z4;pavd_z5;pavd_z6;pavd_z7;pavd_z8;cover_z1;cover_z2;cover_z3;cover_z4;cover_z5;cover_z6;cover_z7;cover_z8;is_bajo
1;160;BEAM0000;GEDI02_A_2019161153045_O02792_T00413_02_001_01.h5;0;1;1;1,44207561;0,513718963;2,738392353;1,44207561;1,098766446;0,552342892;0,069834955;0;0;0;0;0,068661831;0,088973269;0,102893151;0,055234291;0,006983495;0;0;0;0,513718963;0,422672451;0,241310596;0,034314774;0;0;0;0;0
2;161;BEAM0000;GEDI02_A_2019161153045_O02792_T00413_02_001_01.h5;2;1;0;2,054713488;0,641991556;2,615887403;2,054713488;1,452960134;0,551767111;0;0;0;0;0;0,120350689;0,150294647;0,145296007;0,055176713;0;0;0;0;0,641991556;0,51635766;0,24109216;0;0;0;0;0;0
3;169;BEAM0000;GEDI02_A_2019161153045_O02792_T00413_02_001_01.h5;0;2;0;1,83362174;0,600159824;2,616858482;1,83362174;1,323408246;0,506407201;0;0;0;0;0;0,102042712;0,132721454;0,132340819;0,050640721;0;0;0;0;0,600159824;0,483999282;0,223684594;0;0;0;0;0;0
4;170;BEAM0000;GEDI02_A_2019161153045_O02792_T00413_02_001_01.h5;2;2;0;2,239637375;0,673597455;2,753846169;2,239637375;1,805695057;0,911195636;0,125515968;0;0;0;0;0,086788453;0,13284418;0,168017909;0,091119565;0,012551596;0;0;0;0,673597455;0,594539285;0,365915298;0,060828868;0;0;0;0;0
5;254;BEAM0000;GEDI02_A_2019161153045_O02792_T00413_02_001_01.h5;0;3;0;NA;NA;NA;NA;NA;NA;NA;NA;NA;NA;NA;NA;NA;NA;NA;NA;NA;NA;NA;NA;NA;NA;NA;NA;NA;NA;NA;0
6;255;BEAM0000;GEDI02_A_2019161153045_O02792_T00413_02_001_01.h5;2;3;0;NA;NA;NA;NA;NA;NA;NA;NA;NA;NA;NA;NA;NA;NA;NA;NA;NA;NA;NA;NA;NA;NA;NA;NA;NA;NA;NA;0
7;278;BEAM0000;GEDI02_A_2019161153045_O02792_T00413_02_001_01.h5;2;4;0;NA;NA;NA;NA;NA;NA;NA;NA;NA;NA;NA;NA;NA;NA;NA;NA;NA;NA;NA;NA;NA;NA;NA;NA;NA;NA;NA;0
8;280;BEAM0000;GEDI02_A_2019161153045_O02792_T00413_02_001_01.h5;0;4;0;NA;NA;NA;NA;NA;NA;NA;NA;NA;NA;NA;NA;NA;NA;NA;NA;NA;NA;NA;NA;NA;NA;NA;NA;NA;NA;NA;0
9;281;BEAM0000;GEDI02_A_2019161153045_O02792_T00413_02_001_01.h5;2;5;0;NA;NA;NA;NA;NA;NA;NA;NA;NA;NA;NA;NA;NA;NA;NA;NA;NA;NA;NA;NA;NA;NA;NA;NA;NA;NA;NA;0
10;282;BEAM0000;GEDI02_A_2019161153045_O02792_T00413_02_001_01.h5;0;5;0;NA;NA;NA;NA;NA;NA;NA;NA;NA;NA;NA;NA;NA;NA;NA;NA;NA;NA;NA;NA;NA;NA;NA;NA;NA;NA;NA;0
11;284;BEAM0000;GEDI02_A_2019161153045_O02792_T00413_02_001_01.h5;0;6;0;NA;NA;NA;NA;NA;NA;NA;NA;NA;NA;NA;NA;NA;NA;NA;NA;NA;NA;NA;NA;NA;NA;NA;NA;NA;NA;NA;0
12;285;BEAM0000;GEDI02_A_2019161153045_O02792_T00413_02_001_01.h5;2;6;0;NA;NA;NA;NA;NA;NA;NA;NA;NA;NA;NA;NA;NA;NA;NA;NA;NA;NA;NA;NA;NA;NA;NA;NA;NA;NA;NA;0
13;509;BEAM0001;GEDI02_A_2019161153045_O02792_T00413_02_001_01.h5;2;7;0;1,302640438;0,478612512;2,328183651;1,302640438;0,828059494;0,031670377;0;0;0;0;0;0,094916195;0,127097011;0,082805946;0,003167038;0;0;0;0;0,478612512;0,339004397;0,015710443;0;0;0;0;0;0
14;510;BEAM0001;GEDI02_A_2019161153045_O02792_T00413_02_001_01.h5;0;7;0;1,497448325;0,5269925;2,397883177;1,497448325;0,835769892;0,119413227;0;0;0;0;0;0,132335693;0,13780351;0,083576992;0,011941322;0;0;0;0;0,5269925;0,341547459;0,057958748;0;0;0;0;0;0
15;512;BEAM0001;GEDI02_A_2019161153045_O02792_T00413_02_001_01.h5;0;8;0;2,304635763;0,684026182;2,603175402;2,304635763;1,638982654;0,61043936;0;0;0;0;0;0,133130655;0,169419646;0,163898259;0,061043937;0;0;0;0;0,684026182;0,55930078;0,263030201;0;0;0;0;0;0
16;513;BEAM0001;GEDI02_A_2019161153045_O02792_T00413_02_001_01.h5;2;8;0;2,867305517;0,761471689;2,548430204;2,867305517;1,965225339;0,605353534;0;0;0;0;0;0,180416033;0,226195201;0,196522534;0,060535353;0;0;0;0;0,761471689;0,625611722;0,261153907;0;0;0;0;0;0
17;560;BEAM0001;GEDI02_A_2019161153045_O02792_T00413_02_001_01.h5;2;9;0;1,618939281;0,554863274;2,615534544;1,618939281;1,066965222;0,406647176;0;0;0;0;0;0,110394821;0,121229216;0,106696524;0,040664718;0;0;0;0;0,554863274;0,413419306;0,183981895;0;0;0;0;0;0
18;561;BEAM0001;GEDI02_A_2019161153045_O02792_T00413_02_001_01.h5;0;9;0;NA;NA;NA;NA;NA;NA;NA;NA;NA;NA;NA;NA;NA;NA;NA;NA;NA;NA;NA;NA;NA;NA;NA;NA;NA;NA;NA;0
19;563;BEAM0001;GEDI02_A_2019161153045_O02792_T00413_02_001_01.h5;0;10;0;1,443907142;0,514161885;2,611125946;1,443907142;1,13605988;0,459166378;0;0;0;0;0;0,061569452;0,09847407;0,113605984;0,045916639;0;0;0;0;0,514161885;0,433334887;0,205130205;0;0;0;0;0;0
20;564;BEAM0001;GEDI02_A_2019161153045_O02792_T00413_02_001_01.h5;2;10;1;1,322577953;0,483783215;2,465592146;1,322577953;0,948735058;0,267781109;0;0;0;0;0;0,074768573;0,10547968;0,094873503;0,026778111;0;0;0;0;0,483783215;0,377703398;0,125312418;0;0;0;0;0;0
21;565;BEAM0001;GEDI02_A_2019161153045_O02792_T00413_02_001_01.h5;2;11;1;2,143473387;0,657522976;2,654040098;2,143473387;1,706409574;0,73262924;0,05577907;0;0;0;0;0,087412789;0,141084433;0,165063053;0,073262922;0,005577907;0;0;0;0,657522976;0,573906541;0,306703776;0,027504127;0;0;0;0;0
22;567;BEAM0001;GEDI02_A_2019161153045_O02792_T00413_02_001_01.h5;0;11;1;1,690521836;0,570509195;2,498579025;1,690521836;1,124524117;0,275322735;0;0;0;0;0;0,113199539;0,141519904;0,11245241;0,027532274;0;0;0;0;0,570509195;0,430057555;0,128604382;0;0;0;0;0;0
23;572;BEAM0001;GEDI02_A_2019161153045_O02792_T00413_02_001_01.h5;2;12;1;1,941653609;0,621174693;2,628585815;1,941653609;1,518049479;0,57255435;0,016447539;0;0;0;0;0,084720805;0,136909917;0,150160193;0,057255432;0,001644754;0;0;0;0,621174693;0,531838596;0,248938143;0,008190039;0;0;0;0;0
24;573;BEAM0001;GEDI02_A_2019161153045_O02792_T00413_02_001_01.h5;0;12;0;NA;NA;NA;NA;NA;NA;NA;NA;NA;NA;NA;NA;NA;NA;NA;NA;NA;NA;NA;NA;NA;NA;NA;NA;NA;NA;NA;0
25;574;BEAM0001;GEDI02_A_2019161153045_O02792_T00413_02_001_01.h5;0;13;1;1,753070951;0,583729565;2,595102787;1,753070951;1,258640409;0,399299502;0,002140617;0;0;0;0;0,098886117;0,135377139;0,125649974;0,039929949;0,000214062;0;0;0;0,583729565;0,467017144;0,180978611;0,001069736;0;0;0;0;0
26;575;BEAM0001;GEDI02_A_2019161153045_O02792_T00413_02_001_01.h5;2;13;0;1,500344396;0,527676761;2,695802927;1,500344396;1,033792496;0,442146182;0,005814214;0;0;0;0;0,093310386;0,105819821;0,102797829;0,044214621;0,000581421;0;0;0;0,527676761;0,403610438;0,198337287;0,002902884;0;0;0;0;0
27;576;BEAM0001;GEDI02_A_2019161153045_O02792_T00413_02_001_01.h5;2;14;1;1,808899045;0,595185161;2,660280943;1,808899045;1,415684938;0,610606849;0,034674451;0;0;0;0;0,07864283;0,119829223;0,138101041;0,061060682;0,003467445;0;0;0;0,595185161;0,50725919;0,263091892;0,017187769;0;0;0;0;0
28;577;BEAM0001;GEDI02_A_2019161153045_O02792_T00413_02_001_01.h5;0;14;1;1,704442739;0,573487401;2,611475945;1,704442739;1,250207305;0,469942987;0;0;0;0;0;0,09084709;0,123449974;0,125020728;0,046994299;0;0;0;0;0,573487401;0,464765519;0,209401429;0;0;0;0;0;0
29;587;BEAM0001;GEDI02_A_2019161153045_O02792_T00413_02_001_01.h5;0;15;0;1,787794232;0,590892136;2,626620293;1,787794232;1,342216134;0,602710724;0,006160148;0;0;0;0;0,08911562;0,118508346;0,133605599;0,060271073;0,000616015;0;0;0;0,590892136;0,488826156;0,260177016;0,003075334;0;0;0;0;0
30;588;BEAM0001;GEDI02_A_2019161153045_O02792_T00413_02_001_01.h5;2;15;0;1,552417397;0,539812684;2,640986204;1,552417397;1,062489986;0,313027501;0;0;0;0;0;0,097985476;0,123938985;0,106248997;0,03130275;0;0;0;0;0,539812684;0,412105501;0,144877821;0;0;0;0;0;0
31;589;BEAM0001;GEDI02_A_2019161153045_O02792_T00413_02_001_01.h5;2;16;1;1,349957108;0,490800411;2,632765293;1,349957108;0,990009785;0,376883864;0,006507935;0;0;0;0;0,071989454;0,097307324;0,09835019;0,037688386;0,000650794;0;0;0;0,490800411;0,390412629;0,171747968;0,003248678;0;0;0;0;0
32;590;BEAM0001;GEDI02_A_2019161153045_O02792_T00413_02_001_01.h5;0;16;0;1,250501037;0,464844078;2,578045845;1,250501037;0,991974473;0,376010537;0;0;0;0;0;0,051705312;0,087449051;0,099197447;0,037601054;0;0;0;0;0,464844078;0,391011059;0,171386242;0;0;0;0;0;0
33;621;BEAM0001;GEDI02_A_2019161153045_O02792_T00413_02_001_01.h5;0;17;0;1,506395459;0,529103279;2,498622417;1,506395459;1,006505251;0,252249926;0;0;0;0;0;0,09997803;0,12541455;0,100650527;0,025224991;0;0;0;0;0,529103279;0,395418972;0,118493706;0;0;0;0;0;0
34;622;BEAM0001;GEDI02_A_2019161153045_O02792_T00413_02_001_01.h5;2;17;1;1,460018039;0,518058896;2,498849869;1,460018039;1,013667941;0,223573685;0;0;0;0;0;0,089270011;0,123644434;0,101366796;0,022357369;0;0;0;0;0,518058896;0,397579998;0,105763875;0;0;0;0;0;0
35;688;BEAM0001;GEDI02_A_2019161153045_O02792_T00413_02_001_01.h5;0;18;0;NA;NA;NA;NA;NA;NA;NA;NA;NA;NA;NA;NA;NA;NA;NA;NA;NA;NA;NA;NA;NA;NA;NA;NA;NA;NA;NA;0
36;689;BEAM0001;GEDI02_A_2019161153045_O02792_T00413_02_001_01.h5;2;18;0;NA;NA;NA;NA;NA;NA;NA;NA;NA;NA;NA;NA;NA;NA;NA;NA;NA;NA;NA;NA;NA;NA;NA;NA;NA;NA;NA;0
37;931;BEAM0010;GEDI02_A_2019161153045_O02792_T00413_02_001_01.h5;2;19;1;1,923056722;0,617609978;2,656277418;1,923056722;1,528922915;0,778366506;0,017396934;0;0;0;0;0,07882677;0,114469029;0,151152596;0,077836648;0,001739693;0;0;0;0,617609978;0,534356952;0,322370678;0,008660733;0;0;0;0;0
38;932;BEAM0010;GEDI02_A_2019161153045_O02792_T00413_02_001_01.h5;0;19;1;1,575273156;0,545020163;2,608112335;1,575273156;1,236363411;0,433810592;0,012451117;0;0;0;0;0,06778194;0,114146255;0,122391231;0,043381058;0,001245112;0;0;0;0,545020163;0,461034656;0,194987118;0,006206213;0;0;0;0;0
39;933;BEAM0010;GEDI02_A_2019161153045_O02792_T00413_02_001_01.h5;2;20;1;1,093619466;0,421172321;2,483428717;1,093619466;0,738702595;0,235646144;0;0;0;0;0;0,070983365;0,085797325;0,073870257;0,023564614;0;0;0;0;0,421172321;0,308799922;0,111144595;0;0;0;0;0;0
40;938;BEAM0010;GEDI02_A_2019161153045_O02792_T00413_02_001_01.h5;0;20;1;1,736689329;0,580283642;2,554854631;1,736689329;1,359494448;0,424744546;0;0;0;0;0;0,075438969;0,131194472;0,135949448;0,042474452;0;0;0;0;0,580283642;0,493206203;0,191329971;0;0;0;0;0;0
41;946;BEAM0010;GEDI02_A_2019161153045_O02792_T00413_02_001_01.h5;0;21;1;1,857746005;0,604923368;2,508695602;1,857746005;1,557612419;0,561898828;0;0;0;0;0;0,060026724;0,129584715;0,155761242;0,056189884;0;0;0;0;0,604923368;0,5409863;0,244922727;0;0;0;0;0;0
42;948;BEAM0010;GEDI02_A_2019161153045_O02792_T00413_02_001_01.h5;2;21;0;1,658688664;0,563598633;2,566283464;1,658688664;1,226659298;0,463671356;0;0;0;0;0;0,086405881;0,119501732;0,122665934;0,046367139;0;0;0;0;0,563598633;0,458413929;0,206916019;0;0;0;0;0;0
43;1004;BEAM0010;GEDI02_A_2019161153045_O02792_T00413_02_001_01.h5;0;22;0;1,587307692;0,547748566;2,6876719;1,587307692;1,132649899;0,459585577;0,024821652;0;0;0;0;0,090931557;0,112772219;0,110782832;0,045958556;0,002482165;0;0;0;0,547748566;0,432356089;0,205294311;0,012334105;0;0;0;0;0
44;1005;BEAM0010;GEDI02_A_2019161153045_O02792_T00413_02_001_01.h5;2;22;0;1,253702283;0,465685636;2,587440014;1,253702283;0,82883507;0,276767462;0;0;0;0;0;0,084973432;0,097693481;0,082883507;0,027676744;0;0;0;0;0,465685636;0,339253545;0,129232645;0;0;0;0;0;0
45;1083;BEAM0010;GEDI02_A_2019161153045_O02792_T00413_02_001_01.h5;0;23;0;NA;NA;NA;NA;NA;NA;NA;NA;NA;NA;NA;NA;NA;NA;NA;NA;NA;NA;NA;NA;NA;NA;NA;NA;NA;NA;NA;0
46;1084;BEAM0010;GEDI02_A_2019161153045_O02792_T00413_02_001_01.h5;2;23;0;NA;NA;NA;NA;NA;NA;NA;NA;NA;NA;NA;NA;NA;NA;NA;NA;NA;NA;NA;NA;NA;NA;NA;NA;NA;NA;NA;0
47;1086;BEAM0010;GEDI02_A_2019161153045_O02792_T00413_02_001_01.h5;0;24;0;NA;NA;NA;NA;NA;NA;NA;NA;NA;NA;NA;NA;NA;NA;NA;NA;NA;NA;NA;NA;NA;NA;NA;NA;NA;NA;NA;0
48;1087;BEAM0010;GEDI02_A_2019161153045_O02792_T00413_02_001_01.h5;2;24;0;NA;NA;NA;NA;NA;NA;NA;NA;NA;NA;NA;NA;NA;NA;NA;NA;NA;NA;NA;NA;NA;NA;NA;NA;NA;NA;NA;0
49;1298;BEAM0011;GEDI02_A_2019161153045_O02792_T00413_02_001_01.h5;2;25;0;NA;NA;NA;NA;NA;NA;NA;NA;NA;NA;NA;NA;NA;NA;NA;NA;NA;NA;NA;NA;NA;NA;NA;NA;NA;NA;NA;0
50;1301;BEAM0011;GEDI02_A_2019161153045_O02792_T00413_02_001_01.h5;0;25;0;NA;NA;NA;NA;NA;NA;NA;NA;NA;NA;NA;NA;NA;NA;NA;NA;NA;NA;NA;NA;NA;NA;NA;NA;NA;NA;NA;0
51;1346;BEAM0011;GEDI02_A_2019161153045_O02792_T00413_02_001_01.h5;0;26;1;1,685931325;0,569495559;2,714283466;1,685931325;1,093743682;0,539137006;0,031631626;0;0;0;0;0,118437529;0,114679433;0,106211208;0,053913701;0,003163163;0;0;0;0,569495559;0,421205908;0,236280382;0,015691357;0;0;0;0;0
52;1347;BEAM0011;GEDI02_A_2019161153045_O02792_T00413_02_001_01.h5;2;26;1;1,405584931;0,504744589;2,645920277;1,405584931;1,051660419;0,433130324;0,019744057;0;0;0;0;0,070784889;0,097245462;0,103191644;0,043313034;0,001974406;0;0;0;0,504744589;0,408901215;0,194712833;0,009823442;0;0;0;0;0
53;1348;BEAM0011;GEDI02_A_2019161153045_O02792_T00413_02_001_01.h5;2;27;1;1,480163932;0,522865713;2,62602067;1,480163932;1,077376127;0,388149828;0,009938972;0;0;0;0;0,080557562;0,109201409;0,106743716;0,038814981;0,000993897;0;0;0;0,522865713;0,416450948;0,176397994;0,004957154;0;0;0;0;0
54;1349;BEAM0011;GEDI02_A_2019161153045_O02792_T00413_02_001_01.h5;0;27;1;1,712466955;0,575167;2,651010036;1,712466955;1,352964878;0,617441237;0,019411519;0;0;0;0;0,071900405;0,109502569;0,133355334;0,061744124;0,001941152;0;0;0;0,575167;0,491546154;0,265600473;0,009658795;0;0;0;0;0
55;1396;BEAM0011;GEDI02_A_2019161153045_O02792_T00413_02_001_01.h5;0;28;0;NA;NA;NA;NA;NA;NA;NA;NA;NA;NA;NA;NA;NA;NA;NA;NA;NA;NA;NA;NA;NA;NA;NA;NA;NA;NA;NA;0
56;1397;BEAM0011;GEDI02_A_2019161153045_O02792_T00413_02_001_01.h5;2;28;0;NA;NA;NA;NA;NA;NA;NA;NA;NA;NA;NA;NA;NA;NA;NA;NA;NA;NA;NA;NA;NA;NA;NA;NA;NA;NA;NA;0
57;1428;BEAM0011;GEDI02_A_2019161153045_O02792_T00413_02_001_01.h5;2;29;0;NA;NA;NA;NA;NA;NA;NA;NA;NA;NA;NA;NA;NA;NA;NA;NA;NA;NA;NA;NA;NA;NA;NA;NA;NA;NA;NA;0
58;1431;BEAM0011;GEDI02_A_2019161153045_O02792_T00413_02_001_01.h5;0;29;1;1,589686275;0,54828161;2,584916115;1,589686275;1,096853375;0,420790613;0;0;0;0;0;0,098566569;0,116889566;0,109685339;0,042079061;0;0;0;0;0,54828161;0,422104925;0,189729378;0;0;0;0;0;0
59;1745;BEAM0101;GEDI02_A_2019161153045_O02792_T00413_02_001_01.h5;0;30;1;1,401559949;0,503769457;2,68750906;1,401559949;0,938395083;0,37776041;0,014780394;0;0;0;0;0,092632987;0,102379955;0,092361465;0,037776042;0,001478039;0;0;0;0,503769457;0,374479145;0,172111049;0,007362951;0;0;0;0;0
60;1746;BEAM0101;GEDI02_A_2019161153045_O02792_T00413_02_001_01.h5;2;30;1;1,490649462;0,525384128;2,552691221;1,490649462;1,129602075;0,360709399;0,006503459;0;0;0;0;0,072209463;0,112994;0,112309866;0,036070939;0,000650346;0;0;0;0,525384128;0,431503832;0,165022999;0,003246447;0;0;0;0;0
61;1766;BEAM0101;GEDI02_A_2019161153045_O02792_T00413_02_001_01.h5;0;31;1;1,255328655;0,466135561;2,653279066;1,255328655;0,93172878;0,398098946;0,007440564;0;0;0;0;0,06471999;0,085722975;0,092428818;0,039809894;0,000744056;0;0;0;0,466135561;0,372390985;0,180487052;0,003713369;0;0;0;0;0
62;1767;BEAM0101;GEDI02_A_2019161153045_O02792_T00413_02_001_01.h5;2;31;1;1,193011761;0,449242294;2,731302977;1,193011761;0,905172884;0,408131748;0,03284419;0;0;0;0;0,05756776;0,078488;0,087232873;0,040813174;0,003284419;0;0;0;0,449242294;0,364003092;0,184587553;0,016287958;0;0;0;0;0
63;1791;BEAM0101;GEDI02_A_2019161153045_O02792_T00413_02_001_01.h5;0;34;0;NA;NA;NA;NA;NA;NA;NA;NA;NA;NA;NA;NA;NA;NA;NA;NA;NA;NA;NA;NA;NA;NA;NA;NA;NA;NA;NA;0
64;1792;BEAM0101;GEDI02_A_2019161153045_O02792_T00413_02_001_01.h5;0;33;0;NA;NA;NA;NA;NA;NA;NA;NA;NA;NA;NA;NA;NA;NA;NA;NA;NA;NA;NA;NA;NA;NA;NA;NA;NA;NA;NA;0
65;1793;BEAM0101;GEDI02_A_2019161153045_O02792_T00413_02_001_01.h5;0;32;0;1,988297343;0,62990725;2,256335497;1,988297343;0,864722669;0;0;0;0;0;0;0,22471492;0,198829725;0,086472265;0;0;0;0;0;0,62990725;0,351010531;0;0;0;0;0;0;0
66;1794;BEAM0101;GEDI02_A_2019161153045_O02792_T00413_02_001_01.h5;2;32;0;NA;NA;NA;NA;NA;NA;NA;NA;NA;NA;NA;NA;NA;NA;NA;NA;NA;NA;NA;NA;NA;NA;NA;NA;NA;NA;NA;0
67;1795;BEAM0101;GEDI02_A_2019161153045_O02792_T00413_02_001_01.h5;2;33;0;NA;NA;NA;NA;NA;NA;NA;NA;NA;NA;NA;NA;NA;NA;NA;NA;NA;NA;NA;NA;NA;NA;NA;NA;NA;NA;NA;0
68;1796;BEAM0101;GEDI02_A_2019161153045_O02792_T00413_02_001_01.h5;2;34;0;NA;NA;NA;NA;NA;NA;NA;NA;NA;NA;NA;NA;NA;NA;NA;NA;NA;NA;NA;NA;NA;NA;NA;NA;NA;NA;NA;0
69;1813;BEAM0101;GEDI02_A_2019161153045_O02792_T00413_02_001_01.h5;0;36;1;1,021677852;0,399988532;2,601822138;1,021677852;0,706457317;0,261358887;0,000867759;0;0;0;0;0,063044101;0,076031893;0,070558958;0,026135888;8,67758E-05;0;0;0;0,399988532;0,297573149;0,122499354;0,000433785;0;0;0;0;0
70;1814;BEAM0101;GEDI02_A_2019161153045_O02792_T00413_02_001_01.h5;0;35;1;1,337181926;0,487539768;2,670491695;1,337181926;0,954496861;0,370512128;0,009101382;0;0;0;0;0,076537006;0,096666977;0,094539545;0,037051212;0,000910138;0;0;0;0,487539768;0,379494309;0,169105351;0,004540351;0;0;0;0;0
71;1815;BEAM0101;GEDI02_A_2019161153045_O02792_T00413_02_001_01.h5;2;35;1;1,220427394;0,456739187;2,677995205;1,220427394;0,86934036;0,39820531;0,005260072;0;0;0;0;0,070217408;0,082222201;0,086408027;0,039820533;0,000526007;0;0;0;0,456739187;0,352507025;0,180530623;0,00262658;0;0;0;0;0
72;1816;BEAM0101;GEDI02_A_2019161153045_O02792_T00413_02_001_01.h5;2;36;0;1,636086226;0,55866456;2,707969904;1,636086226;0,950842857;0,474084586;0,020663425;0;0;0;0;0,137048677;0,116200164;0,093017943;0,047408458;0,002066343;0;0;0;0,55866456;0,378359735;0,211037084;0,010278513;0;0;0;0;0
73;1826;BEAM0101;GEDI02_A_2019161153045_O02792_T00413_02_001_01.h5;0;37;1;1,329752922;0,485633075;2,672460794;1,329752922;1,040938497;0,444406569;0,027938733;0;0;0;0;0,057762902;0,088534638;0,101299971;0,044440657;0,002793873;0;0;0;0,485633075;0,405738294;0,199242994;0,013872228;0;0;0;0;0
74;1827;BEAM0101;GEDI02_A_2019161153045_O02792_T00413_02_001_01.h5;2;37;1;1,388278961;0,500463963;2,735347509;1,388278961;1,011498213;0,463727713;0,033717208;0;0;0;0;0,075356148;0,092455126;0,097778104;0,046372771;0,003371721;0;0;0;0,500463963;0,396927238;0,206941128;0,016717264;0;0;0;0;0
75;1828;BEAM0101;GEDI02_A_2019161153045_O02792_T00413_02_001_01.h5;2;38;1;1,297005773;0,477143347;2,7088871;1,297005773;0,957782388;0,461040169;0,018176813;0;0;0;0;0,067844667;0,083596557;0,093960561;0,046104018;0,001817681;0;0;0;0,477143347;0,380512685;0,205874771;0,009047222;0;0;0;0;0
76;1834;BEAM0101;GEDI02_A_2019161153045_O02792_T00413_02_001_01.h5;0;38;1;1,584650278;0,547170043;2,651232243;1,584650278;1,166897058;0,421471745;0,040753309;0;0;0;0;0,083550639;0,116317853;0,112614378;0,042147174;0,004075331;0;0;0;0,547170043;0,442004919;0,190008014;0,020170411;0;0;0;0;0
77;2120;BEAM0110;GEDI02_A_2019161153045_O02792_T00413_02_001_01.h5;0;39;1;2,200559616;0,667152762;2,569856882;2,200559616;1,662344337;0,481074482;0,013957969;0;0;0;0;0,10764306;0,171948522;0,164838642;0,048107449;0,001395797;0;0;0;0,667152762;0,564414978;0,213788956;0,006954682;0;0;0;0;0
78;2121;BEAM0110;GEDI02_A_2019161153045_O02792_T00413_02_001_01.h5;2;39;1;1,447420239;0,515012562;2,556937695;1,447420239;1,072723508;0,282324433;0,003171792;0;0;0;0;0,074939348;0,116509579;0,106955171;0,028232442;0,000317179;0;0;0;0,515012562;0,415104359;0,131649464;0,001584639;0;0;0;0;0
79;2130;BEAM0110;GEDI02_A_2019161153045_O02792_T00413_02_001_01.h5;2;40;1;2,005983114;0,633158386;2,564128876;2,005983114;1,531074047;0,461366713;0;0;0;0;0;0,094981782;0,154461637;0,153107405;0,04613667;0;0;0;0;0,633158386;0,534874737;0,206003904;0;0;0;0;0;0
80;2131;BEAM0110;GEDI02_A_2019161153045_O02792_T00413_02_001_01.h5;0;40;0;NA;NA;NA;NA;NA;NA;NA;NA;NA;NA;NA;NA;NA;NA;NA;NA;NA;NA;NA;NA;NA;NA;NA;NA;NA;NA;NA;0
81;2138;BEAM0110;GEDI02_A_2019161153045_O02792_T00413_02_001_01.h5;0;41;1;2,605197906;0,728089511;2,747144938;2,605197906;2,188842297;1,278991342;0,204076737;0;0;0;0;0,083271131;0,132620648;0,198476538;0,127899125;0,020407673;0;0;0;0,728089511;0,665197909;0,4724105;0,097003974;0;0;0;0;0
82;2139;BEAM0110;GEDI02_A_2019161153045_O02792_T00413_02_001_01.h5;2;41;1;2,200698614;0,667175889;2,675955772;2,200698614;1,776540995;0,82187295;0,053356849;0;0;0;0;0,084831528;0,137882575;0,172318414;0,082187295;0,005335685;0;0;0;0,667175889;0,588582039;0,336956114;0,026325619;0;0;0;0;0
83;2152;BEAM0110;GEDI02_A_2019161153045_O02792_T00413_02_001_01.h5;2;42;1;1,535409093;0,535881579;2,655880451;1,535409093;1,113737941;0,466441751;0,010094542;0;0;0;0;0,084334224;0,106896736;0,11036434;0,046644174;0,001009454;0;0;0;0,535881579;0,426974833;0,208016008;0,005034552;0;0;0;0;0
84;2153;BEAM0110;GEDI02_A_2019161153045_O02792_T00413_02_001_01.h5;0;42;1;1,826821089;0,598792791;2,55577898;1,826821089;1,341199398;0,390648425;0,004225126;0;0;0;0;0,097124338;0,143617272;0,13369742;0,039064843;0,000422513;0;0;0;0,598792791;0,4885647;0,177428216;0,002110333;0;0;0;0;0
85;2170;BEAM0110;GEDI02_A_2019161153045_O02792_T00413_02_001_01.h5;0;43;1;1,393736243;0,501821399;2,682357311;1,393736243;1,122898221;0,494246274;0,027973421;0;0;0;0;0,054167587;0,089948989;0,109492481;0,04942463;0,002797342;0;0;0;0,501821399;0,429592937;0,218949527;0,013889329;0;0;0;0;0
86;2171;BEAM0110;GEDI02_A_2019161153045_O02792_T00413_02_001_01.h5;2;43;1;1,122666597;0,429526865;2,83220315;1,122666597;0,852747858;0,458848834;0,073659472;0;0;0;0;0,053983755;0,066381775;0,077908836;0,045884885;0,007365948;0;0;0;0,429526865;0,347112;0,205003738;0,03615962;0;0;0;0;0
87;2172;BEAM0110;GEDI02_A_2019161153045_O02792_T00413_02_001_01.h5;2;44;1;1,230823278;0,459552407;2,626835823;1,230823278;0,980335653;0,362517595;0,012173184;0;0;0;0;0,050097529;0,086830571;0,096816249;0,036251757;0,001217318;0;0;0;0,459552407;0,387456357;0,165777206;0,006068102;0;0;0;0;0
88;2173;BEAM0110;GEDI02_A_2019161153045_O02792_T00413_02_001_01.h5;0;44;1;1,1717062;0,443342239;2,60551548;1,1717062;0,813199043;0,292169392;0;0;0;0;0;0,071701445;0,087953687;0,081319906;0,02921694;0;0;0;0;0,443342239;0,334074616;0,135913253;0;0;0;0;0;0
89;2183;BEAM0110;GEDI02_A_2019161153045_O02792_T00413_02_001_01.h5;0;46;1;1,586240411;0,547525644;2,769691706;1,586240411;1,21190393;0,638577402;0,094705962;0;0;0;0;0,074867278;0,094766304;0,111719802;0,063857742;0,009470596;0;0;0;0,547525644;0,454416692;0,273324758;0,046249069;0;0;0;0;0
90;2184;BEAM0110;GEDI02_A_2019161153045_O02792_T00413_02_001_01.h5;0;45;1;1,613934278;0,553746104;2,701503038;1,613934278;1,332290411;0,655919075;0,040988881;0;0;0;0;0,056328773;0,095801517;0,129130155;0,065591909;0,004098888;0;0;0;0,553746104;0,486281902;0,279597849;0,020285809;0;0;0;0;0
91;2185;BEAM0110;GEDI02_A_2019161153045_O02792_T00413_02_001_01.h5;2;45;1;1,584787846;0,547196984;2,682416439;1,584787846;1,309454322;0,578412533;0,046479929;0;0;0;0;0,055066712;0,100637533;0,126297444;0,057841253;0,004647993;0;0;0;0,547196984;0,480383933;0,251134306;0,022971936;0;0;0;0;0
92;2186;BEAM0110;GEDI02_A_2019161153045_O02792_T00413_02_001_01.h5;2;46;1;1,508963585;0,529705524;2,635231972;1,508963585;1,096546054;0,454932034;0,003883329;0;0;0;0;0,082483485;0,105403148;0,109266281;0,045493204;0,000388333;0;0;0;0,529705524;0,42202878;0,20344539;0,00193978;0;0;0;0;0
93;2215;BEAM0110;GEDI02_A_2019161153045_O02792_T00413_02_001_01.h5;2;47;0;NA;NA;NA;NA;NA;NA;NA;NA;NA;NA;NA;NA;NA;NA;NA;NA;NA;NA;NA;NA;NA;NA;NA;NA;NA;NA;NA;0
94;2216;BEAM0110;GEDI02_A_2019161153045_O02792_T00413_02_001_01.h5;0;47;0;NA;NA;NA;NA;NA;NA;NA;NA;NA;NA;NA;NA;NA;NA;NA;NA;NA;NA;NA;NA;NA;NA;NA;NA;NA;NA;NA;0
95;2220;BEAM0110;GEDI02_A_2019161153045_O02792_T00413_02_001_01.h5;2;48;0;2,017752409;0,635309935;2,37861681;2,017752409;0,848558009;0,08276476;0;0;0;0;0;0,233838856;0,19349876;0,084855802;0,008276476;0;0;0;0;0,635309935;0,345743001;0,040537626;0;0;0;0;0;0
96;2221;BEAM0110;GEDI02_A_2019161153045_O02792_T00413_02_001_01.h5;0;48;0;0,910841882;0,365801334;2,738513708;0,910841882;0,601408541;0,30177775;0,067725293;0;0;0;0;0,061886676;0,060906418;0,053368323;0,030177774;0,00677253;0;0;0;0,365801334;0,259694785;0,140054375;0,033295598;0;0;0;0;0
97;2277;BEAM0110;GEDI02_A_2019161153045_O02792_T00413_02_001_01.h5;2;49;1;1,727480412;0,578368366;2,662480116;1,727480412;1,122541189;0,44898659;0,002937039;0;0;0;0;0,12098784;0,127849385;0,111960419;0,044898659;0,000293704;0;0;0;0,578368366;0,429491103;0,201074064;0,001467442;0;0;0;0;0
98;2278;BEAM0110;GEDI02_A_2019161153045_O02792_T00413_02_001_01.h5;0;49;1;1,748006105;0,582672;2,553077698;1,748006105;1,377984524;0,535584152;0,007441625;0;0;0;0;0,074004315;0,121242195;0,137054294;0,053558413;0,000744162;0;0;0;0,582672;0,49788323;0,234926239;0,003713897;0;0;0;0;0
99;2279;BEAM0110;GEDI02_A_2019161153045_O02792_T00413_02_001_01.h5;2;50;0;NA;NA;NA;NA;NA;NA;NA;NA;NA;NA;NA;NA;NA;NA;NA;NA;NA;NA;NA;NA;NA;NA;NA;NA;NA;NA;NA;0
100;2280;BEAM0110;GEDI02_A_2019161153045_O02792_T00413_02_001_01.h5;2;51;0;1,700286388;0,5725981;2,567158937;1,700286388;1,00724268;0,277253568;0;0;0;0;0;0,138608739;0,142303288;0,100724265;0,027725358;0;0;0;0;0,5725981;0,39564082;0,129445121;0;0;0;0;0;0
101;2281;BEAM0110;GEDI02_A_2019161153045_O02792_T00413_02_001_01.h5;0;50;0;NA;NA;NA;NA;NA;NA;NA;NA;NA;NA;NA;NA;NA;NA;NA;NA;NA;NA;NA;NA;NA;NA;NA;NA;NA;NA;NA;0
102;2282;BEAM0110;GEDI02_A_2019161153045_O02792_T00413_02_001_01.h5;0;51;0;1,833297491;0,600089431;2,426348925;1,833297491;0,980349898;0,180096433;0;0;0;0;0;0,170589522;0,165320113;0,098034993;0,018009644;0;0;0;0;0,600089431;0,387460709;0,086112;0;0;0;0;0;0
103;2283;BEAM0110;GEDI02_A_2019161153045_O02792_T00413_02_001_01.h5;0;52;0;1,544153452;0,537905812;2,489109516;1,544153452;1,037688732;0,177269161;0;0;0;0;0;0,101292945;0,136688426;0,103768878;0,017726915;0;0;0;0;0,537905812;0,404769927;0,084819213;0;0;0;0;0;0
104;2284;BEAM0110;GEDI02_A_2019161153045_O02792_T00413_02_001_01.h5;2;52;0;NA;NA;NA;NA;NA;NA;NA;NA;NA;NA;NA;NA;NA;NA;NA;NA;NA;NA;NA;NA;NA;NA;NA;NA;NA;NA;NA;0
105;2516;BEAM1000;GEDI02_A_2019161153045_O02792_T00413_02_001_01.h5;0;53;0;NA;NA;NA;NA;NA;NA;NA;NA;NA;NA;NA;NA;NA;NA;NA;NA;NA;NA;NA;NA;NA;NA;NA;NA;NA;NA;NA;0
106;2517;BEAM1000;GEDI02_A_2019161153045_O02792_T00413_02_001_01.h5;2;53;0;0,579973757;0,251722157;1,559132695;0,579973757;0,009232413;0;0;0;0;0;0;0,114148267;0,057997372;0,000923241;0;0;0;0;0;0,251722157;0,004605567;0;0;0;0;0;0;0
107;2548;BEAM1000;GEDI02_A_2019161153045_O02792_T00413_02_001_01.h5;2;54;1;1,927427173;0,618494213;2,599502802;1,927427173;1,431132317;0,583477974;0,004662272;0;0;0;0;0,099258959;0,134394914;0,142647013;0,058347795;0,000466227;0;0;0;0,618494213;0,511064112;0,253031999;0,002328421;0;0;0;0;0
108;2549;BEAM1000;GEDI02_A_2019161153045_O02792_T00413_02_001_01.h5;0;54;1;1,937923431;0,62049073;2,590132236;1,937923431;1,523567796;0,579946458;0,006997903;0;0;0;0;0,082871132;0,135797694;0,151656985;0,057994645;0,00069979;0;0;0;0,62049073;0,533144295;0,251711935;0,003492837;0;0;0;0;0
109;2554;BEAM1000;GEDI02_A_2019161153045_O02792_T00413_02_001_01.h5;0;55;1;1,466706991;0,519682884;2,649353027;1,466706991;1,181429863;0,559104204;0,032347605;0;0;0;0;0,057055432;0,090760276;0,114908226;0,05591042;0,00323476;0;0;0;0,519682884;0,446053624;0,243873507;0,016043693;0;0;0;0;0
110;2555;BEAM1000;GEDI02_A_2019161153045_O02792_T00413_02_001_01.h5;2;55;1;1,607190251;0,552258849;2,607929707;1,607190251;1,268474102;0,476554424;0,01206193;0;0;0;0;0,067743212;0,113063581;0,125641227;0,047655441;0,001206193;0;0;0;0,552258849;0,469642967;0,212012663;0,006012813;0;0;0;0;0
111;2899;BEAM1011;GEDI02_A_2019161153045_O02792_T00413_02_001_01.h5;0;57;1;2,171103954;0,662239671;2,746812105;2,171103954;1,778547406;1,031435013;0,13902992;0;0;0;0;0,07851132;0,113966905;0,163951755;0,103143498;0,013902992;0;0;0;0,662239671;0,589011848;0,402913481;0,067153469;0;0;0;0;0
112;2900;BEAM1011;GEDI02_A_2019161153045_O02792_T00413_02_001_01.h5;0;56;1;2,007747412;0,633502424;2,672150612;2,007747412;1,63964355;0,806537926;0,082850076;0;0;0;0;0,073620766;0,120120943;0,155679345;0,080653794;0,008285007;0;0;0;0,633502424;0,559459627;0,331858128;0,040578619;0;0;0;0;0
113;2901;BEAM1011;GEDI02_A_2019161153045_O02792_T00413_02_001_01.h5;2;56;1;1,438999295;0,512979388;2,752567053;1,438999295;1,180757046;0,644859314;0,116081767;0;0;0;0;0,051648453;0,079414003;0,106467523;0,06448593;0,011608177;0;0;0;0,512979388;0,445864409;0,275606692;0,056388386;0;0;0;0;0
114;2902;BEAM1011;GEDI02_A_2019161153045_O02792_T00413_02_001_01.h5;2;57;1;1,709311128;0,574538171;2,614511251;1,709311128;1,472024798;0,687861621;0,038794026;0;0;0;0;0,04745727;0,102144949;0,143323079;0,068786167;0,003879403;0;0;0;0,574538171;0,520954132;0,29101485;0,019210072;0;0;0;0;0
115;2945;BEAM1011;GEDI02_A_2019161153045_O02792_T00413_02_001_01.h5;0;58;1;1,384734035;0,499586433;2,599627018;1,384734035;1,06399262;0,394015491;0,007035438;0;0;0;0;0,064148277;0,099071853;0,105695717;0,03940155;0,000703544;0;0;0;0,499586433;0,412553668;0,17881313;0,003511538;0;0;0;0;0
116;2946;BEAM1011;GEDI02_A_2019161153045_O02792_T00413_02_001_01.h5;2;58;1;1,365747213;0,494813919;2,635861158;1,365747213;1,002116203;0,386492163;0,016800059;0;0;0;0;0,072726205;0,097925507;0,098531611;0,038649216;0,001680006;0;0;0;0,494813919;0,394096971;0,175718382;0,008364842;0;0;0;0;0
117;2953;BEAM1011;GEDI02_A_2019161153045_O02792_T00413_02_001_01.h5;0;59;1;1,228338599;0,458890557;2,645379782;1,228338599;0,914153755;0,333789825;0,021818718;0;0;0;0;0,062836975;0,089454882;0,089233503;0,033378985;0,002181872;0;0;0;0,458890557;0,366856545;0,153709561;0,010850059;0;0;0;0;0
118;2954;BEAM1011;GEDI02_A_2019161153045_O02792_T00413_02_001_01.h5;2;59;1;1,307851434;0,479978323;2,66462636;1,307851434;1,015572786;0,507102191;0,015840426;0;0;0;0;0,058455732;0,080074929;0,099973239;0,05071022;0,001584043;0;0;0;0,479978323;0,398159623;0,22395578;0,007888926;0;0;0;0;0
119;3043;BEAM1011;GEDI02_A_2019161153045_O02792_T00413_02_001_01.h5;0;60;1;1,497162104;0,526936352;2,698482037;1,497162104;1,105807066;0,443939269;0,052234661;0;0;0;0;0,078271009;0,105322279;0,105357237;0,044393927;0,005223466;0;0;0;0,526936352;0,424706697;0,199057087;0,025779171;0;0;0;0;0
120;3044;BEAM1011;GEDI02_A_2019161153045_O02792_T00413_02_001_01.h5;2;60;1;1,836733103;0,600793779;2,697182655;1,836733103;1,589769363;0,792594969;0,134571925;0;0;0;0;0,049392741;0,104413807;0,145519748;0,0792595;0,013457193;0;0;0;0,600793779;0,548337877;0,32718426;0,065071866;0;0;0;0;0
121;3045;BEAM1011;GEDI02_A_2019161153045_O02792_T00413_02_001_01.h5;2;61;1;6,998366833;0,969646394;2,960680962;6,998366833;4,658979416;2,282239914;1,319752336;0,425690711;0,000953672;0;0;0,467877448;0,471612692;0,333922744;0,185654923;0,131879866;0,042569071;9,53672E-05;0;0,969646394;0,902551711;0,680490851;0,483063042;0,191715866;0,000476722;0;0;0
122;3047;BEAM1011;GEDI02_A_2019161153045_O02792_T00413_02_001_01.h5;0;61;1;2,053492308;0,641787767;2,659610987;2,053492308;1,660334706;0,725448668;0,05215048;0;0;0;0;0,078631528;0,132804364;0,160818428;0,072544865;0,005215048;0;0;0;0,641787767;0,563992918;0,304213911;0,025738167;0;0;0;0;0
123;4233;BEAM0101;GEDI02_B_2019176185135_O03027_T02454_02_001_01.h5;0;62;1;1,197647691;0,450528562;2,733887911;1,197647691;0,919555426;0,386362523;0,038327798;0;0;0;0;0,055618443;0,081128508;0,088122763;0,038636252;0,00383278;0;0;0;0,450528562;0,36856705;0,175665587;0,018981418;0;0;0;0;0
124;4234;BEAM0101;GEDI02_B_2019176185135_O03027_T02454_02_001_01.h5;2;62;1;1,06596148;0,413135409;2,694487572;1,06596148;0,822315574;0,366733789;0,023513295;0;0;0;0;0,048729185;0,069922775;0,07988023;0,036673378;0,002351329;0;0;0;0,413135409;0,337110281;0,167535618;0,0116878;0;0;0;0;0
125;4895;BEAM1000;GEDI02_B_2019176185135_O03027_T02454_02_001_01.h5;2;63;1;1,230102897;0,459357649;2,639434814;1,230102897;0,89161855;0,342409611;0,015042472;0;0;0;0;0,067696877;0,088769332;0,087657608;0,034240961;0,001504247;0;0;0;0,459357649;0,359676987;0,157348007;0,007493016;0;0;0;0;0
126;4897;BEAM1000;GEDI02_B_2019176185135_O03027_T02454_02_001_01.h5;0;63;1;1,406826377;0,505070508;2,630873442;1,406826377;1,140361905;0,570302844;0,021219036;0;0;0;0;0,053292882;0,083652347;0,111914285;0,057030283;0,002121903;0;0;0;0,505070508;0,434551001;0,248091832;0,010553422;0;0;0;0;0
127;5203;BEAM1011;GEDI02_B_2019176185135_O03027_T02454_02_001_01.h5;0;64;1;1,093443632;0,421131283;2,533460379;1,093443632;0,867786765;0,251155585;0,001222538;0;0;0;0;0,045131374;0,084228806;0,086656421;0,025115557;0,000122254;0;0;0;0,421131283;0,352002084;0,118011147;0,000611082;0;0;0;0;0
128;5204;BEAM1011;GEDI02_B_2019176185135_O03027_T02454_02_001_01.h5;2;64;1;1,324982762;0,484401345;2,55997777;1,324982762;0,942345262;0,31253311;0,000359874;0;0;0;0;0,076527514;0,101244971;0,09419854;0,031253312;3,59874E-05;0;0;0;0,484401345;0,375711113;0,144666269;0,000179921;0;0;0;0;0
129;5224;BEAM1011;GEDI02_B_2019176185135_O03027_T02454_02_001_01.h5;2;65;1;1,557696581;0,541022837;2,544096708;1,557696581;1,188202739;0,366986632;0,002605941;0;0;0;0;0,073898777;0,119070999;0,118559681;0,036698665;0,000260594;0;0;0;0,541022837;0,447913527;0,167639077;0,001302122;0;0;0;0;0
130;5226;BEAM1011;GEDI02_B_2019176185135_O03027_T02454_02_001_01.h5;0;65;1;1,081658483;0,417710751;2,504371643;1,081658483;0,780847371;0,233130962;0;0;0;0;0;0,060162216;0,084852748;0,078084737;0,023313096;0;0;0;0;0,417710751;0,32321614;0,11002671;0;0;0;0;0;0
131;5227;BEAM1011;GEDI02_B_2019176185135_O03027_T02454_02_001_01.h5;2;66;1;1,367929816;0,495352596;2,587701321;1,367929816;1,072767973;0,448052138;0,005401894;0;0;0;0;0,059032355;0,091987766;0,106736615;0,044805214;0,000540189;0;0;0;0,495352596;0,415117025;0,200700641;0,002697302;0;0;0;0;0
132;5229;BEAM1011;GEDI02_B_2019176185135_O03027_T02454_02_001_01.h5;0;66;1;1,419863105;0,508284926;2,569652796;1,419863105;0,940966606;0,279229194;0,003015123;0;0;0;0;0,095779292;0,11406339;0,093795151;0,027922919;0,000301512;0;0;0;0,508284926;0,375280708;0,130304575;0,001506425;0;0;0;0;0
133;5320;BEAM1011;GEDI02_B_2019176185135_O03027_T02454_02_001_01.h5;0;67;1;1,102564096;0,423764586;2,437656164;1,102564096;0,772507429;0,131711319;0;0;0;0;0;0,066011325;0,097085275;0,077250741;0,013171132;0;0;0;0;0,423764586;0,320388407;0,063733518;0;0;0;0;0;0
134;5322;BEAM1011;GEDI02_B_2019176185135_O03027_T02454_02_001_01.h5;2;67;1;1,063427925;0,412379652;2,550542593;1,063427925;0,767107546;0,204780936;0,003010336;0;0;0;0;0,059264064;0,085864693;0,076409727;0,020478094;0,000301034;0;0;0;0,412379652;0,318551213;0,097321838;0,001504036;0;0;0;0;0
